<?xml version="1.0" encoding="UTF-8"?>
<project-private xmlns="http://www.netbeans.org/ns/project-private/1">
    <editor-bookmarks xmlns="http://www.netbeans.org/ns/editor-bookmarks/2" lastBookmarkId="0"/>
    <open-files xmlns="http://www.netbeans.org/ns/projectui-open-files/2">
        <group>
            <file>file:/Users/Yixin1/Google%20Drive/Java/Java%20Working%20Directory/Assignment%204/src/PassPack/PassManualBuilder.java</file>
            <file>file:/Users/Yixin1/Google%20Drive/Java/Java%20Working%20Directory/Assignment%204/src/PortPack/Port.java</file>
            <file>file:/Users/Yixin1/Google%20Drive/Java/Java%20Working%20Directory/Assignment%204/src/PortPack/PortReader.java</file>
            <file>file:/Users/Yixin1/Google%20Drive/Java/Java%20Working%20Directory/Assignment%204/src/PassPack/PassRevenue.java</file>
            <file>file:/Users/Yixin1/Google%20Drive/Java/Java%20Working%20Directory/Assignment%204/src/PassPack/PassSort.java</file>
            <file>file:/Users/Yixin1/Google%20Drive/Java/Java%20Working%20Directory/Assignment%204/src/StaffPack/SeniorSailor.java</file>
            <file>file:/Users/Yixin1/Google%20Drive/Java/Java%20Working%20Directory/Assignment%204/src/PassPack/RevAnalysis.java</file>
            <file>file:/Users/Yixin1/Google%20Drive/Java/Java%20Working%20Directory/Assignment%204/src/CruisePack/Cruise.java</file>
            <file>file:/Users/Yixin1/Google%20Drive/Java/Java%20Working%20Directory/Assignment%204/src/PassPack/Passenger.java</file>
            <file>file:/Users/Yixin1/Google%20Drive/Java/Java%20Working%20Directory/Assignment%204/src/ShipPack/ShipReader.java</file>
            <file>file:/Users/Yixin1/Google%20Drive/Java/Java%20Working%20Directory/Assignment%204/src/StaffPack/Doctor.java</file>
            <file>file:/Users/Yixin1/Google%20Drive/Java/Java%20Working%20Directory/Assignment%204/src/StaffPack/Engineer.java</file>
            <file>file:/Users/Yixin1/Google%20Drive/Java/Java%20Working%20Directory/Assignment%204/src/StaffPack/Staff.java</file>
            <file>file:/Users/Yixin1/Google%20Drive/Java/Java%20Working%20Directory/Assignment%204/src/StaffPack/StaffReader.java</file>
            <file>file:/Users/Yixin1/Google%20Drive/Java/Java%20Working%20Directory/Assignment%204/src/PassPack/PassEvaluation.java</file>
            <file>file:/Users/Yixin1/Google%20Drive/Java/Java%20Working%20Directory/Assignment%204/src/StaffPack/Captain.java</file>
            <file>file:/Users/Yixin1/Google%20Drive/Java/Java%20Working%20Directory/Assignment%204/src/PassPack/PassCreator.java</file>
            <file>file:/Users/Yixin1/Google%20Drive/Java/Java%20Working%20Directory/Assignment%204/src/CruisePack/CruiseInfo.java</file>
            <file>file:/Users/Yixin1/Google%20Drive/Java/Java%20Working%20Directory/Assignment%204/src/PortPack/DockingCost.java</file>
            <file>file:/Users/Yixin1/Google%20Drive/Java/Java%20Working%20Directory/Assignment%204/src/StaffPack/StaffCost.java</file>
            <file>file:/Users/Yixin1/Google%20Drive/Java/Java%20Working%20Directory/Assignment%204/src/StaffPack/Cook.java</file>
            <file>file:/Users/Yixin1/Google%20Drive/Java/Java%20Working%20Directory/Assignment%204/src/StaffPack/StaffInfo.java</file>
            <file>file:/Users/Yixin1/Google%20Drive/Java/Java%20Working%20Directory/Assignment%204/src/CruisePack/CruiseReader.java</file>
            <file>file:/Users/Yixin1/Google%20Drive/Java/Java%20Working%20Directory/Assignment%204/src/CruisePack/ProfitCalculator.java</file>
            <file>file:/Users/Yixin1/Google%20Drive/Java/Java%20Working%20Directory/Assignment%204/src/StaffPack/StaffBuilder.java</file>
            <file>file:/Users/Yixin1/Google%20Drive/Java/Java%20Working%20Directory/Assignment%204/src/PassPack/PassReader.java</file>
            <file>file:/Users/Yixin1/Google%20Drive/Java/Java%20Working%20Directory/Assignment%204/src/CruisePack/CruiseWriter.java</file>
            <file>file:/Users/Yixin1/Google%20Drive/Java/Java%20Working%20Directory/Assignment%204/src/ShipPack/Ship.java</file>
        </group>
    </open-files>
</project-private>
